,age,gender,respiratory_condition,fever_or_muscle_pain,mfcc_1,mfcc_2,mfcc_3,mfcc_4,mfcc_5,mfcc_6,mfcc_7,mfcc_8,mfcc_9,mfcc_10,mfcc_11,mfcc_12,mfcc_13,mfcc_14,mfcc_15,mfcc_16,mfcc_17,mfcc_18,mfcc_19,mfcc_20,mfcc_21,mfcc_22,mfcc_23,mfcc_24,mfcc_25,mfcc_26,mfcc_27,mfcc_28,mfcc_29,mfcc_30,mfcc_31,mfcc_32,covid19
0,20,female,0,0,-407.69287,22.806576,-12.843128,6.1160026,-4.123336,1.9355077,-12.704642,-6.20262,-4.2700305,-2.2927477,-8.971651,0.08492209,-5.9605565,-0.6802148,-7.1545644,-1.1891692,-7.2719035,0.20295122,-2.450043,-0.6189022,-3.18662,2.4418802,-2.4196377,1.7486874,-1.740331,0.42263722,-2.6257029,0.2749117,-2.4740114,-0.69738984,-2.2005608,-0.73409307,0
